[{
  "name": "Chicken Fried Rice",
  "type": "Non-Veg",
  "cuisine": "South Indian",
  "availability": [
    "Lunch","Dinner"
  ],
  "price": "$124.24",
  "img_url": "./assets/images/chicken-fried-rice.jpg"
}, {
  "name": "Chicken Noodles",
  "type": "Non-Veg",
  "cuisine": "North Indian",
  "availability": [
    "Lunch","Dinner"
  ],
  "price": "$190.09",
  "img_url": "./assets/images/chicken_noodles.jpg"
}, {
  "name": "Egg Fried Rice",
  "type": "Non-Veg",
  "cuisine": "South Indian",
  "availability": [
    "Lunch","Dinner"
  ],
  "price": "$124.93",
  "img_url": "./assets/images/egg_rice.jpg"
},{
  "name": "Mushroom Fried Rice",
  "type": "Veg",
  "cuisine": "North Indian",
  "availability": [
    "Lunch","Dinner"
  ],
  "price": "$153.74",
  "img_url": "./assets/images/mushroom.jpg"
}, {
  "name": "Dosa",
  "type": "Veg",
  "cuisine": "South Indian",
  "availability": [
    "Breakfast","Dinner"
  ],
  "price": "$286.07",
  "img_url": "./assets/images/dosa.jpg"
}, {
  "name": "Idly",
  "type": "Veg",
  "cuisine": "South Indian",
  "availability": [
    "Breakfast"
  ],
  "price": "$277.95",
  "img_url": "./assets/images/idly.jpg"
}, {
  "name": "Tandoori",
  "type": "Non-Veg",
  "cuisine": "South Indian",
  "availability": [
    "Lunch","Dinner"
  ],
  "price": "$169.09",
  "img_url": "./assets/images/tandoori.jpg"
}, {
  "name": "Grilled Chicken",
  "type": "Non-Veg",
  "cuisine": "South Indian",
  "availability": [
    "Lunch","Dinner"
  ],
  "price": "$43.23",
  "img_url": "./assets/images/grilled.jpg"
}, {
  "name": "Paneer Fried Rice",
  "type": "Veg",
  "cuisine": "South Indian",
  "availability": [
    "Lunch","Dinner"
  ],
  "price": "$264.32",
  "img_url": "./assets/images/paneer.jpg"
}, {
  "name": "Chapathi",
  "type": "Veg",
  "cuisine": "North Indian",
  "availability": [
    "Dinner"
  ],
  "price": "$240.21",
  "img_url": "./assets/images/chappathi.jpg"
}, {
  "name": "Naan",
  "type": "Veg",
  "cuisine": "North Indian",
  "availability": [
    "Dinner"
  ],
  "price": "$160.90",
  "img_url": "./assets/images/naan.jpg"
}, {
  "name": "Fish Finger",
  "type": "Non-Veg",
  "cuisine": "South Indian",
  "availability": [
    "Lunch","Dinner"
  ],
  "price": "$84.62",
  "img_url": "./assets/images/fish-finger.jpg"
}, {
  "name": "Crab Lollipop",
  "type": "Non-Veg",
  "cuisine": "South Indian",
  "availability": [
    "Lunch","Dinner"
  ],
  "price": "$140.97",
  "img_url": "./assets/images/crab.jpg"
}, {
  "name": "Pulav",
  "type": "Veg",
  "cuisine": "South Indian",
  "availability": [
    "Lunch"
  ],
  "price": "$201.34",
  "img_url": "./assets/images/pulav.jpg"
}, {
  "name": "Ghee Rice",
  "type": "Veg",
  "cuisine": "South Indian",
  "availability": [
    "Lunch","Dinner"
  ],
  "price": "$82.51",
  "img_url": "./assets/images/ghee-rice.jpg"
}, {
  "name": "Veg Thali",
  "type": "Veg",
  "cuisine": "North Indian",
  "availability": [
    "Lunch"
  ],
  "price": "$246.68",
  "img_url": "./assets/images/veg-thali.jpg"
}, {
  "name": "Non-Veg Thali",
  "type": "Non-Veg",
  "cuisine": "North Indian",
  "availability": [
    "Lunch"
  ],
  "price": "$43.52",
  "img_url": "./assets/images/non-veg-thali.jpg"
}, {
  "name": "Idiappam",
  "type": "Veg",
  "cuisine": "South Indian",
  "availability": [
    "Breakfast"
  ],
  "price": "$175.78",
  "img_url": "./assets/images/idiappam.jpg"
}, {
  "name": "Poha",
  "type": "Veg",
  "cuisine": "North Indian",
  "availability": [
    "Breakfast"
  ],
  "price": "$48.59",
  "img_url": "./assets/images/poha.jpg"
}]
